{"timestamps": [1490761999.508497, 1490762005.834288, 1490762011.443456, 1490762015.141938, 1490762023.358629, 1490762026.814355, 1490762031.99273, 1490762034.37201, 1490762039.655045, 1490762045.942765, 1490762051.484137, 1490762056.283574, 1490762062.223911, 1490762067.635483, 1490762072.023573, 1490762076.005287, 1490762086.581847, 1490762091.486011, 1490762099.208903, 1490762104.404892], "initial_reset_timestamp": 1490761989.834378, "episode_types": ["t", "t", "t", "t", "t", "t", "t", "t", "t", "t", "t", "t", "t", "t", "t", "t", "t", "t", "t", "t"], "episode_lengths": [932, 751, 970, 633, 1465, 606, 902, 412, 652, 1045, 983, 834, 1048, 926, 765, 729, 1853, 860, 1347, 906], "episode_rewards": [400.0, 175.0, 395.0, 185.0, 430.0, 170.0, 320.0, 60.0, 155.0, 480.0, 375.0, 325.0, 425.0, 245.0, 265.0, 210.0, 515.0, 540.0, 410.0, 360.0]}